station_id,name
7000,Fort York  Blvd / Capreol Ct
7001,Wellesley Station Green P
7002,St. George St / Bloor St W
7003,Madison Ave / Bloor St W
7005,King St W / York St
7006,Bay St / College St (East Side)
7007,College St / Huron St
7008,Wellesley St W / Queen's Park Cres
7009,King St E / Jarvis St
7010,King St W / Spadina Ave
7012,Elizabeth St / Edward St (Bus Terminal)
7013,Scott St / The Esplanade
7014,Sherbourne St / Carlton St (Allan Gardens)
7015,King St W / Bay St (West Side)
7016,Bay St / Queens Quay W (Ferry Terminal)
7017,Widmer St / Adelaide St W - SMART
7018,Bremner Blvd / Rees St
7019,Temperance St Station
7020,Phoebe St / Spadina Ave
7021,Bay St / Albert St
7022,Simcoe St / Queen St W
7023,College St / Borden St
7024,Dundonald St / Church St
7025,Ted Rogers Way / Bloor St E
7026,Bay St / St. Joseph St
7027,Beverley St / Dundas St W
7028,Gould St / Mutual St
7029,Bay St / Bloor St W (East Side)
7030,Bay St / Wellesley St W
7031,Jarvis St / Isabella St
7032,Augusta Ave / Dundas St W
7033,Union Station
7034,Church St / Bloor St E
7035,Queen St W / Ossington Ave
7036,Trinity St /Front St E
7037,Bathurst St / Dundas St W
7038,Dundas St W / Yonge St
7039,Simcoe St / Michael Sweet Ave
7040,Euclid Ave / Bloor St W
7041,Edward St / Yonge St
7042,Sherbourne St / Wellesley St E
7043,Queens Quay W / Lower Simcoe St
7044,Church St / Alexander St
7045,Bond St / Queen St E
7046,Niagara St / Richmond St W
7047,University Ave / Gerrard St W (East Side)
7048,Front St W / Yonge St (Hockey Hall of Fame)
7049,Portland St / Queen St W
7050,Richmond St E / Jarvis St Green P
7052,Wellington St W / Bay St
7053,Metro Hall Plaza
7054,Navy Wharf Crt / Bremner Blvd
7055,Jarvis St / Carlton St
7057,Simcoe St / Wellington St W South
7058,Huron St / Harbord St
7059,Front St W / Blue Jays Way
7061,Dalton Rd / Bloor St W
7063,Queen's Park / Bloor St W
7064,51 Parliament St
7065,Dundas St E / Parliament St
7066,Willcocks St / St. George St
7067,Yonge St / Lake Shore Blvd E
7068,Blantyre Park
7069,Queen St W / Spadina Ave
7070,25 York St _ Union Station South
7071,161 Bleecker St (South of Wellesley)
7072,Fleet St / Bathurst St
7073,Spadina Ave / Fort York Blvd
7074,King St E / Church St
7075,Queens Quay W / Dan Leckie Way
7076,York St / Queens Quay W
7077,College Park South
7078,College St / Major St
7079,McGill St / Church St
7083,Danforth Ave / Barrington Ave
7084,High Park - Grenadier Cafe
7085,Danforth Ave / Westlake Ave
7086,High Park - West Rd
7087,Danforth Ave / Aldridge Ave
7088,Danforth Ave / Coxwell Ave
7089,Church St  / Wood St
7090,Danforth Ave / Lamb Ave
7091,Donlands Subway Station
7093,Danforth Ave / Gough Ave
7094,14 Arundel Ave
7095,Danforth Ave / Ellerbeck St
7096,Lower Don River Trail and Taylor Creek Trail
7097,Riverdale Park North (Broadview Ave)
7098,Riverdale Park South (Broadview Ave)
7099,Mill St / Cherry St
7100,Dundas St E / Regent Park Blvd
7101,Lower Sherbourne St / The Esplanade
7102,Nelson St / Duncan St
7103,Jimmie Simpson Park (Queen St E)
7104,King St E / River St
7105,Queen St E / Sackville St
7106,Mill St / Tannery Rd
7107,Cherry St / Distillery Ln
7108,Front St E / Cherry St
7109,Seaton St / Dundas St E - SMART
7110,Queen St E / Berkeley St
7111,King St W / Douro St
7112,Liberty St / Fraser Ave Green P
7113,Parliament St / Aberdeen Ave
7114,Carlton St / Parliament St
7115,Howard St / Sherbourne St
7116,Bloor St E / Parliament St
7117,Castle Frank Subway Station
7118,King St W / Bay St (East Side)
7119,Sumach St / Carlton St (Riverdale Farm)
7120,Gerrard St E / River St
7121,Jarvis St / Dundas St E
7122,Niagara St / Tecumseth St
7123,420 Wellington St W
7124,Dundas St E / Broadview Ave
7126,Yonge St / Yorkville Ave
7127,Bay St / Scollard St
7128,Yonge St / Aylmer Ave
7129,Davenport Rd / Avenue Rd
7130,Davenport Rd / Bedford Rd
7131,Taddle Creek Park
7132,Kendal Ave / Spadina Rd
7133,Summerhill Subway Station
7135,Hanna Ave / Liberty St
7136,Queen St W / Close Ave
7137,Davenport Rd / Bathurst St
7138,Davenport Rd / Christie St
7139,Glen Edyth Dr / Davenport Rd
7140,Macpherson Ave / Spadina Rd
7141,Bridgman Ave / Kendal Ave
7142,Bridgman Ave / Bathurst St
7143,Kendal Ave / Bernard Ave
7144,Palmerston Ave / Vermont Ave
7146,Christie St / Benson Ave (Wychwood Barns)
7147,King St W / Fraser Ave
7148,King St W / Joe Shuster Way
7149,Yarmouth Rd / Christie St
7150,Dufferin St / Sylvan Av (Dufferin Grove Park)
7151,Essex St / Christie St
7152,Ossington Ave / Bloor St W
7153,Bloor St W / Christie St
7154,Bathurst Subway Station
7155,Bathurst St / Lennox St
7156,Salem Ave / Bloor St W
7157,Dufferin St / Bloor St W
7158,King St W / Stafford St
7160,King St W / Tecumseth St
7161,Beverley St / College St
7162,Hayter St / La Plante Ave
7163,Yonge St / Wood St
7164,Gould St / Yonge St (TMU)
7168,Queens Quay / Yonge St
7169,Front St W / Bay St (North Side)
7170,Spadina Ave / Willcocks St
7171,Ontario Place Blvd / Lake Shore Blvd W
7172,Strachan Ave / Princes' Blvd
7173,Cariboo Ave / Railpath Trail
7174,Bloor St W / Dundas St W
7175,HTO Park (Queens Quay W)
7176,Bathurst St / Fort York Blvd
7178,Dundas St W / Edna Ave
7180,Lansdowne Subway Station
7181,Lansdowne Ave / Whytock Ave
7182,Sterling Rd / Dundas St W
7183,St Clarens Ave / College St
7184,Ossington Ave / College St
7188,Exhibition GO (Atlantic Ave)
7189,Augusta Ave / Denison Sq
7190,St. George St / Hoskin Ave
7191,Central Tech  (Harbord St)
7192,Harbord St / Clinton St
7193,Dufferin St / Queen St W
7194,Mortimer Ave / Coxwell Ave
7195,Ulster St / Bathurst St
7196,Roxton Rd / Harbord St
7197,Queen St W / Dovercourt Rd
7198,Queen St W / Cowan Ave
7199,College St / Markham St
7202,York St / Queen St W (City Hall)
7203,Bathurst St/Queens Quay(Billy Bishop Airport)
7204,College St / Crawford St
7205,Rusholme Park Cres / College St
7206,Claremont St / Dundas St W
7207,Dundas St W / Crawford St
7208,80 Clinton St
7209,Ossington Ave / Harrison St
7210,Mary McCormick Rec Centre (Sheridan Ave)
7211,Fort York Blvd / Garrison Rd
7216,Wellington St W / Stafford St
7217,Soho St / Queen St W
7220,Lake Shore Blvd W / Ellis Ave
7221,High Park Subway Station
7222,Sunnyside - Gus Ryder Pool
7223,Parkside Dr / Bloor St W - SMART
7224,Bloor St W / High Park Ave (High Park)
7225,Lake Shore Blvd W / Windermere Ave
7226,Lake Shore Blvd W / The Boulevard Club
7227,Martin Goodman Trail (Marilyn Bell Park)
7228,King St W / Wilson Park Blvd
7229,2201 Dundas St W
7230,Garden Ave / Roncesvalles Ave
7231,Wright Ave / Sorauren Ave - SMART
7232,Queen St W  /  Fuller Ave - SMART
7233,King St W / Cowan Ave - SMART
7234,Roncesvalles Ave / Marmaduke St
7235,Bay St / College St (West Side) - SMART
7236,Thompson St / Broadview Ave - SMART
7237,Ward St / Wallace Ave
7238,Sorauren Ave / Geoffrey St - SMART
7239,Bloor St W / Manning Ave - SMART
7240,Bloor St W / Shaw St - SMART
7241,519 Church St
7242,Lake Shore Blvd W / Ontario Dr
7243,Exhibition GO Station
7244,Dufferin Gate - SMART
7245,Tecumseth St / Queen St W - SMART
7246,Yonge St / Bloor St
7247,Howard Park Ave / Dundas St W - SMART
7248,Baldwin St / Spadina Ave - SMART
7249,144 Harrison St
7250,Ursula Franklin St / St. George St - SMART
7252,Robert St / Bloor St W - SMART
7253,John St  / Mercer St - SMART
7256,Vanauley St / Queen St W - SMART
7257,Dundas St W / St. Patrick St
7258,Queen St E / Rushbrooke Ave
7259,Lower Spadina Ave / Lake Shore Blvd W
7260,Spadina Ave / Adelaide St W
7261,Queens Quay E / Lower Sherbourne St
7262,Wychwood Ave / Benson Ave - SMART
7263,Walton St / Elizabeth St - SMART
7264,Bloor St E / Huntley St - SMART
7265,Wallace Ave / Symington Ave - SMART
7266,Victoria Park Subway Station - SMART
7267,Dundas St E / Pembroke St
7268,111 Bond St (North of Dundas St E)  - SMART
7269,Toronto Eaton Centre (Yonge St) - SMART
7270,Church St / Dundas St E - SMART
7271,Yonge St / Alexander St - SMART
7272,Yonge St / Dundonald St
7273,Bay St / Charles St W - SMART
7274,Queen's Park Cres E / Grosvenor St - SMART
7276,Bloor St W / Balmuto St
7277,Chorley Park - SMART
7278,Mallon Ave / Jones Ave -SMART
7279,Rosehill Ave / Avoca Ave - SMART
7280,Charles St E / Jarvis St - SMART
7281,Charles St W / Balmuto St - SMART
7282,Adelaide St W / Bay St
7283,Front St W / Bay St (South Side)
7284,University Ave / King St W - SMART
7285,Spadina Ave / Harbord St - SMART
7286,Gerrard St E / Broadview Ave  - SMART
7287,Queen St E / Pape Ave - SMART
7288,Humber Bay Shores Park West
7289,Humber Bay Shores Park East
7291,190 Queens Quay E
7292,Granby St / Church St - SMART
7296,Westmoreland Ave / Fernbank Ave
7297,Havelock St / Dufferin Park
7298,Bathurst St / Adelaide St W
7299,Mill St / Parliament St
7301,Primrose Ave / Davenport Rd
7302,Winona Dr / Davenport Rd
7303,Queen St E / Woodward Ave
7309,Queen St E / Rhodes Ave
7311,Sherbourne St / Isabella St
7312,Amelia St / Sumach St
7313,Emdaabiimok Ave / Lake Shore Blvd E
7314,Queen St. E / Eastern Ave
7315,Queen St E / Hammersmith Ave
7316,Queen St. E / Spruce Hill Rd.
7317,Hubbard Blvd / Balsam Av
7318,Hubbard Blvd / Glen Manor Dr
7319,Lake Shore Blvd E / Knox Ave
7320,Front St W / University Ave (1)
7321,Front St W / University Ave (2)
7322,East Liberty St / Western Battery Rd
7323,457 King St W
7324,King St W / Charlotte St
7326,Davenport Rd / Lansdowne Ave
7327,Davenport Rd / Dovercourt Rd - SMART
7328,Roxborough St W / Yonge St
7329,Crawford St / Queen St W
7331,Coxwell Ave / Plains Rd
7332,200 Bloor St E
7333,King St E / Victoria St
7334,Simcoe St / Wellington St W (North)
7335,Bay St / Bloor St W (West Side)
7336,Queen St E / Alton Av
7337,Gerrard Square Mall (1010 Gerrard St E)
7338,Logan Ave / Bain Ave
7339,Carlaw Ave / Strathcona Ave
7340,Blake St / Boultbee Ave
7341,Eastern Ave / Winnifred Ave
7342,Morse St / Eastern Ave
7343,Alton Ave / Dundas St E (Greenwood Park)
7344,Cherry Beach
7345,Cherry Beach Sports Fields (55 Unwin Ave)
7346,Logan Ave / Gerrard St E
7347,Regal Rd / Dufferin St
7348,Pape Ave / Gamble Ave
7349,Gamble Ave / Broadview Ave
7350,Broadview Ave / Westwood Ave
7351,Pretoria Ave / Broadview Ave
7352,Cosburn Ave / Donlands Ave
7353,Fulton Ave / Pape Ave
7354,Tommy Thompson Park (Leslie Street Spit)
7355,Beltline Trail / Chaplin Cres
7356,King St E / Berkeley St
7357,Lake Shore Blvd E / Leslie St
7358,Galbraith Rd / King's College Rd
7359,Rosedale Park (20 Scholfield Ave)
7360,Concord Ave / Dewson St
7361,Hocken Ave / Vaughan Rd
7362,St. Clair Ave W / Bathurst St
7363,Wells Hill Ave / St. Clair Ave W
7364,Queen St E / Nursewood Rd
7365,Kewbeach Ave / Kenilworth Ave
7366,Fort York Blvd / Bathurst St - SMART
7367,Alma Ave / Gladstone Ave SMART
7368,Lisgar St / Dundas St W - SMART
7371,Eglinton Ave W / Henning Ave SMART
7373,George St / King St E
7374,Frederick St / The Esplanade
7375,Front St E / Scott St
7376,Frobisher Ave / Lascelles Blvd
7377,Balliol St / Yonge St - SMART
7378,Yonge St / Davisville Ave
7379,Lawton Blvd / Yonge St
7380,Erskine Ave / Yonge St SMART
7381,Yonge St / Orchard View Blvd
7382,Simcoe St / Adelaide St W
7383,12 Harbour St
7384,Cumberland St / Bay St -  SMART
7385,20 Charles St E
7386,D'Arcy St / McCaul St - SMART
7387,Mortimer Ave / Carlaw Ave SMART
7388,Broadview Subway Station
7389,College Park - Gerrard Entrance
7391,Yonge St / Dundas Sq
7395,Dentonia Park
7398,York St / Lake Shore Blvd W
7399,Lower Jarvis St / Queens Quay E
7400,Polson Pier
7403,Lascelles Blvd / Eglinton Ave W
7404,Roehampton Ave / Mount Pleasant Rd
7407,University Ave / Queen St W
7409,Isabella St / Church St
7410,Howard St / Rose Ave
7411,Little Norway Park
7412,King St W / Crawford St
7414,Keele St / Annette St
7415,Keele St / Vine Ave
7416,Spadina Ave / Blue Jays Way
7417,King St W / Jordan St
7418,College Park - Yonge St Entrance
7419,Bloor St W / Huron St
7420,Barton Ave / Howland Ave - SMART
7422,Tyndall Ave / King St W - SMART
7424,Merton St / Mount Pleasant Rd
7425,The Queensway at South Kingsway
7427,Northern Dancer Blvd / Lake Shore Blvd E
7428,Woodbine Ave / Lake Shore Blvd E
7429,Woodbine Subway Station
7430,Marilyn Bell Park Tennis Court
7431,Gerrard St E / Leslie St
7432,Frederick St / King St E
7433,Dundas St E / Boulton Ave - SMART
7434,91 Via Italia
7435,Rushton Rd / St. Clair Ave W
7437,Concord Ave / Bloor St W
7438,Gothic Ave / Quebec Ave
7441,Pacific Ave / Glenlake Ave
7442,Lonsdale Rd / Spadina Rd
7443,Dundas St E / George St
7444,Clendenan Ave / Rowland St - SMART
7445,Eastwood Rd / Coxwell Ave
7446,Orchard Park
7447,Trent Ave / Danforth Ave
7448,Goodwood Park Crt / Dentonia Park
7449,Cosburn Ave / Cedarvale Ave
7450,Carlaw Ave / Danforth Ave
7451,Western Battery Rd / Pirandello St
7452,Bleecker St / St James Ave
7453,Jarvis St / Maitland Pl
7454,Pottery Rd / Lower Don River Trail
7455,E.T. Seton Park (Eglinton Ave E / Leslie St)
7457,Queen's Park Cres W / Hoskin Ave
7458,Church St / Lombard St
7459,St. Clair Ave W / Winona Dr
7460,High Park Outdoor Pool
7461,High Park Amphitheatre
7462,Richmond St E / Yonge St
7465,Russell Hill Rd / St. Clair Ave W
7466,Glendonwynne Rd / Bloor St W
7467,Lower Simcoe St / Bremner Blvd
7468,Front St W / Simcoe St
7469,York St / Wellington St W (1)
7471,2300 Lakeshore Blvd W
7473,Adelaide St W / Strachan Ave
7474,Clarence Square
7475,Jarvis St / Richmond St E
7476,Symington Ave / Dupont St
7477,Antler St / Campbell Ave - SMART
7478,Ellis Ave / The Queensway
7479,Jane St / Bloor St W (Jane Subway Station)
7480,Neil McLellan Park
7483,Southwood Dr / Kingston Rd - SMART
7484,Briar Hill Ave / Yonge St - SMART
7485,Blythwood Rd / Yonge St - SMART
7486,Gerrard St E / Main St
7487,Eastwood Rd / Woodbine Ave - SMART
7488,Summerhill Ave / Maclennan Ave
7489,Sumach St  / Queen St E
7492,Cherry St / Lake Shore Blvd E
7493,Sackville St / Eastern Ave - SMART
7494,Davenport Rd / McAlpine St - SMART
7496,Sunnyside Ave / The Queensway - SMART
7497,128 Sterling Rd - SMART
7501,Humberside Grounds - SMART
7502,University Ave / College St (East)
7503,Gerrard St E / Malvern Ave - SMART
7504,Gerrard St E / Victoria Park Ave - SMART
7505,Ontario St / Adelaide St E -SMART
7506,Berkeley St / Adelaide St E - SMART
7508,Berkeley St / Dundas St E - SMART
7514,Humber Bay Shores Park / Marine Parade Dr
7515,Amos Waites Park
7516,Superior Ave / Lake Shore Blvd W
7517,Ripley Ave / Ormskirk Ave
7518,Lake Shore Blvd W / Colborne Lodge Dr
7519,406 Oakwood Ave
7520,St Clarens Ave / Shirley St
7521,Emerson Ave / Bloor St W
7522,Wallace Ave / Pauline Ave
7523,Lynn Williams St / East Liberty St
7524,Lisgar Park
7526,Bartlett Parkette
7527,Joseph J Piccininni Community Centre
7528,Spadina Rd / Austin Terrace
7529,Symington Ave / Davenport Rd
7530,Sherbourne St N / Elm Ave
7531,541 Huron St - SMART
7533,Housey St / Dan Leckie Way
7534,Walnut Ave / Queen St W
7536,Palmerston Ave / Dundas St W
7537,Euclid Ave / Herrick St - SMART
7538,Vaughan Rd /Wychwood Ave
7539,Davisville Ave / Pailton Cres
7540,Alvin Ave / St. Clair Ave E
7541,Bellwoods Ave / Treford Pl - SMART
7542,Queen St W / John St
7543,Nassau St / Bellevue Ave
7545,Baldwin St / Henry St
7546,Ross St / Cecil St - SMART
7547,Orde St / McCaul St
7548,St. Joseph St / Bay St - SMART
7549,439 Sherbourne St
7551,The Esplanade / Hahn Pl
7552,Lake Shore Blvd W / Thirty Ninth Street
7553,Lake Shore Blvd W / Twenty Fourth St
7554,Humber College (Lakeshore Campus)
7555,Royal York Rd / Mimico Ave
7556,Windsor St / Newcastle St
7557,The Queensway / High St
7558,Berry Rd / Bell Manor Dr
7559,Swansea Community Centre
7561,Annette St / Jane St
7562,Priscilla Ave / Dundas St W
7563,St. Clair Ave W / Castleton Ave
7564,Durie St / Dundas St W
7565,St. Clair Ave W / Gunns Rd
7566,Weston Rd / St. Clair Ave W
7567,Weston Lions Park
7568,Jameson Ave / Queen St W
7569,Toronto Inukshuk Park
7570,Carlaw Ave / Dundas St E
7571,Highfield Rd / Gerrard St E
7572,Cosburn Ave / Durant Ave
7575,Bayview Ave / Lawren Harris Square
7576,Front St E / Bayview Avenue
7577,Oak St / Sumach St
7579,Glebe Rd W / Yonge St
7580,Hillsdale Ave W / Yonge St
7581,High Park Ave / Dundas St W
7582,Alameda Ave / Vaughan Rd - SMART
7583,Eglinton Ave W / Scarlett Rd
7584,The Pond Rd / Sentinel Rd
7585,Sentinel Rd / Finch Corridor Trail
7586,Finch West Subway Station
7587,Dufferin St / Finch Corridor Trail
7588,G Ross Lord Park
7589,Torresdale Ave / Antibes Dr
7590,Esther Shiner Stadium
7591,Elwood Blvd / Avenue Rd
7593,Roehampton Ave / Bayview Ave
7594,Fleming Cres / Bayview Ave
7595,Moore Park
7596,Langford Ave / Danforth Ave - SMART
7597,Yonge St / Golfdale Rd
7598,Teddington Park Ave
7599,Richmond St W / York St
7600,Ursula Franklin St / Huron St - SMART
7601,Brick Works
7602,Woodbine Ave / O'Connor Dr
7603,O'Connor Dr / Curity Ave
7604,St. Columba Pl / St. Clair Ave E
7605,Lumsden Ave / Eastdale Ave
7606,Dawes Rd / Taylor Creek Trl
7607,Fairmount Park
7608,Wilket Creek Park
7609,Sunnybrook Park
7610,Kingston Rd / Beech Ave
7611,Victoria Park Ave / Danforth Ave
7612,Livingston Rd / Guildwood Pkwy
7613,Livingston Rd (Highland Creek Trail)
7614,Morningside Park (Highland Creek Trail)
7615,Colonel Danforth Park
7616,Waterfront Trail (Rouge Hill)
7617,Starspray Blvd / Lawrence Ave E
7618,Vaughan Rd / Oakwood Ave
7619,Braemar Ave / Eglinton Ave W
7620,Eglinton Ave E / Redpath Ave
7622,Marie Curtis Park
7623,Royal York Rd / Lake Shore Blvd W
7624,Guildwood GO Station (South)
7625,Yonge St / Lawrence Ave E
7626,Rouge Hill GO Station
7627,Shaw St / Essex St - SMART
7629,Lundy Ave / _tienne Br_l_ Park
7630,Twelfth St / Thirteenth St
7631,Florence Gell Park
7632,Chiltern Hill Rd / Eglinton Ave W
7633,Noble St / Queen St W
7635,Runnymede Rd / Annette St
7636,Bloor St W / Riverside Dr
7637,Judson St / Royal York Rd
7638,Warehouse EBS-Station
7639,135 Queens Wharf Rd - SMART
7640,Spadina Rd / St. Clair Ave W
7641,Annette St / Dundas St W
7642,Yonge St / St. Clair Ave
7643,Oriole Pkwy / Kilbarry Rd
7644,East Lynn Ave / Danforth Ave
7645,University of Toronto Scarborough
7646,University Ave / Richmond St W
7647,Elm St/ University Ave (East Side)
7650,St. Clair West Subway Station - Heath St. W
7653,Bloor St W / Indian Rd
7654,Bloor St W / Pacific Ave
7655,Danforth Ave / Dewhurst Blvd
7656,Bloor St W / Brock Ave
7657,1 Market St
7658,King's Mill Park
7659,Amroth Ave / Danforth Ave
7660,285 Victoria St
7662,Beaty Ave / Queen St W
7663,Kilgour Rd / Rumsey Rd
7664,Sunnybrook Health Centre - L Wing
7665,Sunnybrook Health Centre - S Wing
7666,Dundas St W / St Helen's Ave - SMART
7667,Spadina Ave / Sussex Ave
7668,Simcoe St / Dundas St W
7670,Yonge St / Woburn Ave - SMART
7671,Yonge St / Montgomery Ave - SMART
7675,1525 Dundas St W
7676,York University (Glendon Campus) - SMART
7677,1303 Yonge St - SMART
7678,York University Station (South) - SMART
7679,York University Station (North)
7680,Princes' Blvd / Nunavut Rd
7681,25 Booth Ave
7682,Bathurst St / Front St W
7684,Bay St / Harbour St
7685,King St W / Brant St
7686,Lower Jarvis St / The Esplanade
7687,Bloor St W / Gladstone Ave - SMART
7688,High Park Blvd / Parkside Dr
7689,20 Eaton Ave
7690,Bike Shop Test Station
7691,Christie St / Dupont St
7692,85 Lee Ave
7693,Mutual St / Shuter St
7694,Victoria Park Ave / Dawes Rd
7695,Queen St E / Joseph Duggan Rd
7696,Heyworth Cres / Kingston Rd
7698,St. Clair Ave W / Caledonia Rd
7699,St Clair Ave W / Oakwood Ave
7700,St. Clair Ave W / Robina Ave
7701,Roncesvalles Ave / Fermanagh Ave
7702,111 Broadview Ave
7703,Oak St / Sackville St
7704,24 Mountjoy Ave
7705,Colgate Ave / Carlaw Ave
7706,Felstead Ave/Gillard Ave (Monarch Park)
7707,Coronation Park (Martin Goodman Trail)
7708,101 Cedarvale Ave
7709,Beltline Trail / Yonge St
7710,11 Spadina Rd
7711,Havelock St / Dewson St
7712,Queen St W / Shaw St
7713,Temperance St / Bay St
7715,Lumsden Ave / Cedarvale Ave
7716,Church St / The Esplanade
7717,Niagara St / Portland St
7718,St. Andrew's Playground Park
7719,Wolseley St / Augusta Ave
7720,King St W / Portland St - SMART
7721,Widmer St / King St W
7724,Wellesley St E / Parliament St
7725,Yonge St / Macpherson Ave
7728,Randolph Ave / Perth Ave
7729,265 Armadale Ave
7730,800 Fleet St (South)
7731,Victoria Park Ave / Kingston Rd
7732,Kingston Rd / Warden Ave
7733,Pharmacy Ave / Danforth Ave
7734,Danforth Ave / Warden Ave
7735,Birchcliff Ave / Kingston Rd
7736,Birchmount Rd / Kingston Rd
7737,Kingston Rd / Glen Everest Rd
7738,Highview Ave / Kennedy Rd
7739,Kingston Rd / Ridgemoor Ave
7740,Sharpe St / Park St (Sandown Park)
7741,Howard Park Ave / Parkside Dr
7742,Eglinton Ave W / Prospect Cemetery
7743,Eglinton Ave W / Gilbert Ave
7744,Rogers Rd / Prospect Cemetery
7745,Bert Robinson Park
7746,Marlee Ave / York Beltline Trail
7747,Eglinton Ave W / Ennerdale Rd
7748,Bloor St W / Old Mill Trl
7749,Wendover Rd / Bloor St W (Green P)
7750,Luttrell Ave / Danforth Ave
7751,Willingdon Blvd / Bloor St W (Green P)
7752,1926 Lake Shore Blvd W
7753,36 Park Lawn Rd
7754,Walter Saunders Park
7755,Park Lawn Rd / Berry Rd
7756,Tobermory Dr / Finch Corridor Trail
7757,The Well
7758,Driftwood Ave / Finch Corridor Trail
7759,The Pond Rd / Shoreham Dr
7760,Grand Avenue Park
7761,Moss Park
7762,College St / Henry St
7765,St. John's Rd / Dundas St W
7766,Albany Ave / Bloor St W
7767,Pioneer Village Subway Station
7768,Armoury St / Chestnut St
7769,Lake Shore Blvd W / Brow Dr
7770,Spadina Ave / Sullivan St
7771,St. Clair Ave W / Osler St
7772,Simcoe St / King St W
7773,Grenoble Dr / Gateway Blvd
7774,Grenoble Dr / Deauville Ln
7775,Grenoble Dr / Vendome Pl
7776,Ferrand Dr / Rochefort Dr
7777,Thorncliffe Park Dr / Leaside Park Trail
7778,75 Thorncliffe Park Dr
7779,165 McRae Dr
7780,Mount Pleasant Rd / Davisville Ave - SMART
7781,St. Clair Ave W / Avenue Rd
7782,Downsview Park Subway Station - SMART
7783,60 Carl Hall Rd - SMART
7784,Downsview Park Blvd / Keele St  - SMART
7785,Keele St / Dovehouse Ave - SMART
7787,HTO Park West
7788,Queens Quay E / Lower Jarvis St
7789,75 Holly St
7790,Lynn Williams St / Pirandello St
7791,Ossington Ave / Bruce St
7792,Gladstone Ave / Queen St W
7793,2 Church St
7794,York St / Harbour St (Love Park)
7795,Charles St / Church St - SMART
7796,Dundas St E / River St
7798,Shuter St/River St
7799,Danforth Ave / Danforth Rd
7800,Brimley Rd / McCowan District Park
7801,Parkcrest Dr / Kingston Rd
7802,King St W / Jameson Ave - SMART
7803,Scarborough Soccer Centre
7804,Lansdowne Ave / Seaforth Ave
7805,Pharmacy Ave / Teesdale Pl
7806,Danforth Rd / Birchmount Rd
7807,552 Birchmount Rd
7808,Eastgate Cres / Pharmacy Ave
7809,Firvalley Ct / Warden Ave
7810,Avenue Rd / Cumberland St
7811,Midland Ave / Kingston Rd
7812,Bellamy Rd S / Kingston Rd
7813,Yonge St / Merton St
7814,Fenwood Ht / Kingston Rd
7815,Avenue Rd / Macpherson Ave
7816,Bay St / Dundas St W
7817,Shaw St / King St W
7818,Soudan Ave / Yonge St
7819,Avenue Rd / Oxton Ave
7820,1612 Danforth Ave
7821,Lisgar St / Queen St W - SMART
7822,Leslie St / Commissioners St
7823,Greenwood Ave / Sammon Ave
7824,Warden Subway Station
7825,Kingston Rd / Scarborough Golf Club Rd
7826,Greenwood Ave / Gerrard St E
7827,Chatham Ave / Byron Ave
7828,Wakunda Pl / O'Connor Dr
7829,Tiago Ave / Westview Blvd
7830,Plaxton Dr / St. Clair Ave E
7831,Victoria Park Ave / Edge Park Ave
7832,Finch Subway Station
7833,Glencairn Subway Station
7834,Glen Long Community Centre
7835,Caledonia Rd / Lotherton Pathway
7836,Harvie Ave / Rogers Rd
7837,Ling Rd / Morningside Ave
7838,Lake Shore Blvd W / Legion Rd
7839,Lake Shore Blvd W / Seventeenth St
7840,Mabelle Park
7841,Islington Subway Station (Aberfoyle Cres)
7842,Lake Shore Blvd W / Long Branch Ave
7843,Uno Dr / The Queensway
7844,Second St / Lake Shore Blvd W
7845,Sixth St / Lake Shore Blvd W
7846,Bloor St W / Dundas St W (2)
7848,Gerrard St E / Nasmith Ave
7849,Viewmount Park
7850,Maud St / Adelaide St W - SMART
7851,Keele St / Ingram Dr
7852,York Recreation Centre
7853,Trethewey Dr / Black Creek Dr
7854,Jane St / Haney Ave
7855,Scarlett Rd / Eileen Ave
7856,Scarlett Rd / Old Scarlett Rd
7857,Eglinton Ave W / Venn Cres
7858,Rogers Rd / Bicknell Ave
7859,Mallaby Park
7860,Cruickshank Park
7861,Emmett Ave
7862,Jane St / Weston Rd
7863,Jane St / Queens Dr
7864,Sussex Ave / St George St
7865,2700 Eglinton Ave W
7866,697 Lansdowne Ave
7867,15 Price St
7868,Sheppard Ave W / Chesswood Dr
7869,Sentinel Rd / Sheppard Ave W
7870,Humber River Hospital
7871,Jane St / Lawrence Ave W
7872,Keele St / Catford Rd
7873,Sentinel Rd / Finch Ave W
7874,The Pond Rd / Ian Macdonald Blvd
7875,Oakdale Community Centre
7876,Jane St / Yewtree Blvd
7877,Jane St / Yorkwoods Gt
7878,Weston Rd / Sheppard Ave W
7879,Weston Rd / Lanyard Rd
7880,Lindylou Rd / Lanyard Rd
7881,Queens Quay E / Merchants' Wharf
7882,Tangiers Rd / Finch Ave W
7883,Wynford Heights Cres / Concorde Pl
7884,Bartley Park
7885,Brooklawn Ave / Kingston Rd
7886,Jane St / Finch Ave W
7887,800 Fleet St (North)
7888,The Kingsway / Ashley Rd
7889,Dundas St W / Prince Edward Dr N
7890,60 Broadway Ave
7891,Opposite 1103 Leslie St
7892,Erskine Ave / Redpath Ave
7893,Overlea Blvd / Thorncliffe Park Dr
7894,Millwood Rd / Southvale Dr
7895,Keele St / Lloyd Ave
7896,Arlington Parkette
7897,50 Overlea Blvd
7898,University Ave / Gerrard St W - SMART(South)
7899,Queens Park Cres / College St
7900,Simcoe St / Elm St
7901,Bloor St W / Kingsmill Rd
7902,Gunns Rd / Lavender Creek Trail
7903,St. Clair Ave W / Symes Rd
7904,Palmerston Blvd / Lennox St
7905,Palmerston Blvd / Herrick St
7906,Princess St / Front St E
7907,365 Lippincott St
7909,E.T Seton Park - South
7910,Eglinton Ave E / Brentcliffe Rd
7911,King St W / York St (2)
7912,Joe Shuster Way / King St W
7913,St. George St / Willcocks St
7914,York St / Wellington St W (2)
7915,Rogers Rd / Watt Ave
7916,University Ave / Pearl St
7917,King St W / University Ave
7918,Albion Rd/ Arcot Blvd
7919,Armel Ct / Albion Rd
7920,75 Tandridge Cres
7921,Islington Ave / Finch Ave W
7922,35 Erindale Ave
7923,Trethewey Dr / Jane St
7924,Duncan St / Adelaide St W - SMART
7925,Niagara St / King St W - SMART
7926,McRae Dr / Laird Dr - SMART
7927,Strachan Ave / East Liberty St - SMART
7928,Simcoe St / Pullan Pl
7929,Spadina Ave / Bulwer St- SMART
7930,Dunn Ave / Queen St W
7931,Symes Rd / Glen Scarlett Rd - SMART
7932,Boston Ave / Queen St E- SMART
7933,Elizabeth St / Elm St
7934,19 Glendora Ave
7935,Ramsden Park
7936,Adelaide St W / Bay St (South)
7937,Adelaide St W / Yonge St
7938,Portland St / Wellington St W
7939,Princes' Gates
7940,Lillian St / Soudan Ave - SMART
7941,Hanna Ave / Snooker St
7942,Hillsdale Ave E / Mount Pleasant Rd
7943,OCAD University
7944,Harbord St / Grace St (Bickford Park)
7945,Front St W / Spadina Ave
7946,Richmond St W / Bathurst St
7947,Niagara St / Queen St W
7948,Bathurst St / Housey St
7949,Thompson St / Carroll St
7950,Crawford St / Lobb Ave
7951,Fort York Blvd / Grand Magazine St
7952,Adelaide St W / York St
7953,Church St / Shuter St
7954,Adelaide St E / Parliament St
7955,Wellesley St E / Jarvis St
7956,Benshire Dr / The Meadoway
7957,Brimley Rd / Lawrence Ave E
7958,Centennial College (Ashtonbee Campus)
7959,Bellamy Rd N / The Meadoway
7960,Markham Rd / The Meadoway
7961,Ellesmere Rd / Markham Rd
7962,Slan Ave / Scarborough Golf Club Rd
7963,Cedar Dr / Eglinton Ave E
7964,Kennedy Rd/Ranstone Gdns (Jack Goodlad Park)
7965,Eglinton Ave E / Brimley Rd
7966,Albany Ave / Dupont St
7967,Gordonridge Pl / Danforth Rd
7968,McCowan Rd / Trudelle St
7969,Bayview Ave / Finch Recreational Trail
7970,Willowdale Ave / Bishop Ave
7971,Talbot Rd / Finch Hydro Corridor
7972,Eglinton Ave E / Mason Rd
7973,Lawrence Ave E / Don Mills Trail
7974,Kempford Blvd / Yonge St
7975,Empress Ave / Yonge St
7976,Yonge St / Sheppard Ave E
7977,Leslie Subway Station
7978,Yonge St / North York Blvd
7979,Bond Ave / Don Mills Trail
7980,Scarlett Rd / Clairton Cres
7981,Duncan Mill Rd / Valleybrook Dr
7982,Finch Ave W / Wilmington Ave
7983,York Mills Rd / Lesmill Rd
7984,Lake Shore Blvd W / Bathurst St
7985,Hawksbury Dr / Sheppard Ave E
7986,Sheppard Ave E / Leslie St
7987,Shaughnessy Blvd / Sheppard Ave E
7988,Brahms Ave / Finch Ave E
7989,Don Mills Rd / Fairview Mall Dr
7990,Don Mills Rd / Goodview Rd
7991,Kingston Rd / Markham Rd
7992,Fairglen Cres / Weston Rd
7993,Wells St / Brunswick Ave
7994,Eglinton Ave E / Victoria Park Ave
7995,Eglinton Ave W / Oakwood Ave
7996,Scarborough GO Station
7997,3220 Bloor St W
7998,Eglinton West Subway Station
7999,Lawrence Ave W / Marlee Ave
8000,16 Riverview Gardens
8001,Union Station (North)
8002,Grantbrook St / Finch Hydro Corridor Trail
8003,Tecumseth St / Tecumseth Pl
8004,21 Pleasant Blvd (1)
8005,21 Pleasant Blvd (2)
8006,803 Richmond St W
8007,385 Pacific Ave
8008,Brookdale Ave / Yonge St
8009,1 Shortt St
8010,Finch Ave W / Bathurst St
8011,33 Queen St E
8012,Cherry St / Polson St
8013,Logan Ave / Eastern Ave - SMART
8014,Wellington St W / Blue Jays Way
8015,Spadina Ave / Dundas St W - SMART
8016,Queens Quay E / Freeland St
8017,Pharmacy Ave / Eglinton Ave E
8018,Saulter St / Queen St E - SMART
8020,Euclid Ave / Queen St W - SMART
8021,Torresdale Ave / Finch Ave W
8022,Sunrise Ave / Victoria Park Ave
8023,Shaw St / College St
8025,Front St E / Scott St (2)
8026,Jack Layton Ferry Terminal
8031,Ancaster Rd / Spalding Rd
8032,Roding St / Nash Dr
8033,Ridge Rd / Wilson Ave
8034,Exbury Rd / Jane St
8035,Dubray Ave / Wilson Ave
8036,Jane St / Sheppard Ave W
8037,Bathurst St / Sheppard Ave W
8038,Finch Ave E / Upper Don Recreational Trail
8039,Ruddington Dr / Finch Recreational Trail
8040,Old Cummer GO Station
8041,Wilmington Ave / Kennard Ave
8042,Fairview Mall Dr / Fairview Mall Dr E
8043,Birchmount Rd / The Meadoway
8046,Markham Rd / Cougar Crt
8047,Lawrence Ave E / Overture Rd
8049,YZD
8050,Wilson Ave / Transit Rd (TTC Subway Station)
8051,Homewood Ave / Wellesley St E - SMART
8052,Warden Ave / The Meadoway
8053,Galloway Rd / Kingston Rd
8054,Sheppard Ave E / Brian Dr
8055,Sheppard Ave E / Willowdale Ave
8056,Parkway Forest Dr / Forest Manor Rd (North)
8057,Parkway Forest Dr / Forest Manor Rd (South)
8058,Maxome Ave / Finch Hydro Corridor
8059,Ionview Rd / Eglinton Ave E
8060,Gilder Dr / Midland Ave
8061,Stansbury Cr / Midland Ave
8062,Bay St / King St W
8063,Maida Vale Park
8064,Kennedy Rd / Bertrand Ave
8065,Brockley Dr / Lawrence Ave E
8066,Danforth Rd / Savarin St
8073,Finch Ave E / Midland Ave
8074,Huntingwood Dr / Midland Ave
8075,Marine Parade Dr / Humber Bay Shores Park Trl
8076,Warden Ave / Huntingwood Dr
8077,Silver Springs Blvd / Birchmount Rd
8078,Victoria Park Ave / Patrick Blvd
8079,Aurora Ct / Bridletowne Cir
8080,Bay Mills Blvd / Birchmount Ave
8081,Bridlewood Park
8082,Village Green Square
8083,Eastview Park
8084,Grenville St / Yonge St
8085,Lawrence Ave W / Bathurst St
8086,Lawrence Ave W / Dufferin St
8087,Front St E / Cooperage St
8088,Lawrence Ave W / Renfield St
8089,Lawrence Ave W / Pine St
8090,Church St / Cypress St
8091,Rockcliffe Blvd / Alliance Ave
8092,Jane St / Woolner Ave (Woolner Park)
8093,Jane St / Spenvalley Dr
8094,Baycrest Ave / Bathurst St
8096,Commissioners St / Bouchette St
8099,Jane St / Milo Park Gt
8101,Pape Ave / Hopedale Ave
8102,Sheppard Ave W / Magellan Dr
8104,Toronto Public Library - Agincourt
8105,Kennedy Rd / Finch Recreational Trail
8106,Memorial Park Ave / Kimbourne Ave
8107,Pitfield Rd / McCowan Rd
8108,Agincourt Recreation Centre
8109,Brimley Rd / E Highland Creek Trail
8110,Midland Ave / Finch Recreational Trail
8111,Brimwood Blvd / North Scarborough Green Loop
8112,Bernadine St / Brimley Rd
8113,Leslie Lookout Park
8114,Dulverton Rd / Birchmount Rd
8115,Lawrence Ave E / Burnview Cres
8117,Valparaiso Ave / Lawrence Ave E
8118,Clover Hill Park - SMART
8119,Thistletown Community Centre
8120,Albion Rd / Kipling Ave (Albion Arena)
8122,Silverstone Dr / Stevenson Rd
8123,Martin Grove Rd / Lexington Ave
8125,John Garland Blvd / Jamestown Cres
8128,Queen_s Plate Dr / Rexdale Blvd
8129,Don Mills Rd / Barber Greene Rd
8130,Gateway Blvd (South) / Don Mills Rd
8131,Rochefort Dr / Don Mills Rd
8133,Aga Khan Museum and Park (Wynford Dr)
8134,Eglinton Ave E / Sloane Ave
8137,95 Beecroft Rd
8138,Scarborough Town Centre
8139,Knob Hill Park
8141,Brimley Rd / Brimorton Dr
8142,Kitchener Rd / Kingston Rd
8143,Test Pillar Station in Shift Warehouse
8144,James Gardens
8146,George St S / The Esplanade
8147,Widmer St / Adelaide St W (South)
8148,Simcoe St / Wellington St W (North) 2
8149,Danforth Rd / St Clair Ave E
8150,Birchmount Rd / Eglinton Ave E
8151,Corvette Ave / Kennedy Rd
8152,Surrey Pl / Dr. Emily Stowe Way - SMART
8153,Neilson Rd / Ellesmere Rd
8154,Mornelle Ct / Ellesmere Rd
8156,Scarborough Golf Club Rd / Lawrence Ave E
8157,Confederation Dr / Greencrest Cr
8158,Livonia Pl / Neilson Rd
8159,Lawrence Ave E / Orton Park Rd
8160,Lawrence Ave E / Mossbank Dr
8162,Dan Leckie Way / Fort York Blvd
8163,Strachan Ave / Ordnance St
8164,Keelegate Dr / Keele St
8165,Ranee Ave / Flemington Rd (North)
8166,Lawrence East Station
8167,Woburn Ave / Avenue Rd
8168,Portland St / Front St W
8169,William Cragg Dr / Jane St
8170,Munition St / Commissioners St
8171,Grafton Ave / Roncesvalles Ave
8172,Silverthorn Ave / Pryor Ave
8173,St. Clair Ave W / Poplar Plains Rd
8174,Wellington St E / Church St
8175,Simcoe St / Wellington St W (North) 3
8176,9 Willingdon Blvd
8177,Linkwood Ln / Spanbridge Rd
8178,Agincourt GO Station
8179,McCowan Rd / Brimorton Dr
8180,Osler Playground (Argyle St)
8181,Cherry St / Commissioners St
8182,Biidaasige Park (11 Munition St)
8183,Dufferin St / King St W
8184,Antibes Dr / Bathurst St
8185,Laird Crosstown Station
8187,Glen Rd / Bloor St
8188,16 John St
8189,25 St. Mary St
8190,1651 Queen St E
8191,1141 Eastern Ave
8193,7 Norton Ave
8199,7 Bartlett Ave
8200,14 Fuller Ave
8201,Falmouth Ave / Eglinton Ave E
8202,Corporate Dr / Lee Centre Dr
8205,Markham Rd / Blakemanor Blvd
8206,Richmond St E / Yonge St (2)
8207,45 Trudelle St
8208,Surrey Ave / Victoria Park Ave
8210,Brimorton Dr / Orton Park Rd
8212,9 Emerson Ave
8213,Yonge St / College St
8214,Lansdowne Ave / Dupont St
8215,Dundas St W / McCaul St
8216,Davenport Rd / Dovercourt Rd
8217,Lawrence Ave E / Don Mills Rd
8218,Bessarion Rd / Sheppard Ave E
8219,Kennedy Station
8220,Heron Park Community Centre
8221,Ling Rd / Lawrence Ave E
8222,NycLab
8224,439 Wellington St W
8226,O'Connor Dr / Dohme Ave
8227,Keele St / Ewart Ave
